date,subscribers
2017-01-01 19:00,38642
2017-01-02 19:00,38695
2017-01-03 19:00,38739
2017-01-04 19:00,38855
2017-01-05 19:00,38960
2017-01-06 19:00,39027
2017-01-07 19:00,39099
2017-01-08 19:00,39191
2017-01-09 19:00,39228
2017-01-10 19:00,39263
2017-01-11 19:00,39292
2017-01-12 19:00,39317
2017-01-13 19:00,39318
2017-01-14 19:00,39337
2017-01-15 19:00,39374
2017-01-16 19:00,39427
2017-01-17 19:00,39468
2017-01-18 19:00,39481
2017-01-19 19:00,39492
2017-01-20 19:00,39525
2017-01-21 19:00,39566
2017-01-22 19:00,39591
2017-01-23 19:00,39593
2017-01-24 19:00,39631
2017-01-25 19:00,39647
2017-01-26 19:00,39673
2017-01-27 19:00,39681
2017-01-28 19:00,39708
2017-01-29 19:00,39731
2017-01-30 19:00,39772
2017-01-31 19:00,39827
2017-02-01 19:00,39841
2017-02-02 19:00,39856
2017-02-03 19:00,39869
2017-02-04 19:00,39898
2017-02-05 19:00,39941
2017-02-06 19:00,39983
2017-02-07 19:00,40034
2017-02-08 19:00,40065
2017-02-09 19:00,40075
2017-02-10 19:00,40088
2017-02-11 19:00,40119
2017-02-12 19:00,40168
2017-02-13 19:00,40179
2017-02-14 19:00,40214
2017-02-15 19:00,40248
2017-02-16 19:00,40243
2017-02-17 19:00,40263
2017-02-18 19:00,40298
2017-02-19 19:00,40330
2017-02-20 19:00,40378
2017-02-21 19:00,40384
2017-02-22 19:00,40433
2017-02-23 19:00,40464
2017-02-24 19:00,40485
2017-02-25 19:00,40516
2017-02-26 19:00,40567
2017-02-27 19:00,40600
2017-02-28 19:00,40638
2017-03-01 19:00,40664
2017-03-02 19:00,40701
2017-03-03 19:00,40714
2017-03-04 19:00,40765
2017-03-05 19:00,40791
2017-03-06 19:00,40818
2017-03-07 19:00,40837
2017-03-08 19:00,40852
2017-03-09 19:00,40866
2017-03-10 19:00,40921
2017-03-11 19:00,40945
2017-03-12 20:00,40970
2017-03-13 20:00,41000
2017-03-14 20:00,41139
2017-03-15 20:00,41131
2017-03-16 20:00,41130
2017-03-17 20:00,41152
2017-03-18 20:00,41213
2017-03-19 20:00,41286
2017-03-20 20:00,41288
2017-03-21 20:00,41355
2017-03-22 20:00,41390
2017-03-23 20:00,41406
2017-03-24 20:00,41419
2017-03-25 20:00,41442
2017-03-26 20:00,41494
2017-03-27 20:00,41536
2017-03-28 20:00,41575
2017-03-29 20:00,41614
2017-03-30 20:00,41625
2017-03-31 20:00,41661
2017-04-01 20:00,41684
2017-04-02 20:00,41702
2017-04-03 20:00,41703
2017-04-04 20:00,41721
2017-04-05 20:00,41728
2017-04-06 20:00,41739
2017-04-07 20:00,41742
2017-04-08 20:00,41761
2017-04-09 20:00,41811
2017-04-10 20:00,41830
2017-04-11 20:00,41856
2017-04-12 20:00,41887
2017-04-13 20:00,41898
2017-04-14 20:00,41917
2017-04-15 20:00,41957
2017-04-16 20:00,42003
2017-04-17 20:00,42026
2017-04-18 20:00,42053
2017-04-19 20:00,42126
2017-04-20 20:00,42156
2017-04-21 20:00,42191
2017-04-22 20:00,42228
2017-04-23 20:00,42274
2017-04-24 20:00,42317
2017-04-25 20:00,42344
2017-04-26 20:00,42369
2017-04-27 20:00,42386
2017-04-28 20:00,42405
2017-04-29 20:00,42434
2017-04-30 20:00,42464
2017-05-01 20:00,42504
2017-05-02 20:00,42538
2017-05-03 20:00,42547
2017-05-04 20:00,42603
2017-05-05 20:00,42660
2017-05-06 20:00,42693
2017-05-07 20:00,42744
2017-05-08 20:00,42786
2017-05-09 20:00,42808
2017-05-10 20:00,42847
2017-05-11 20:00,42876
2017-05-12 20:00,42883
2017-05-13 20:00,42910
2017-05-14 20:00,42940
2017-05-15 20:00,42997
2017-05-16 20:00,43036
2017-05-17 20:00,43101
2017-05-18 20:00,43125
2017-05-19 20:00,43156
2017-05-20 20:00,43231
2017-05-21 20:00,43259
2017-05-22 20:00,43283
2017-05-23 20:00,43301
2017-05-24 20:00,43305
2017-05-25 20:00,43317
2017-05-26 20:00,43341
2017-05-27 20:00,43382
2017-05-28 20:00,43442
2017-05-29 20:00,43467
2017-05-30 20:00,43485
2017-05-31 20:00,43513
2017-06-01 20:00,43551
2017-06-02 20:00,43571
2017-06-03 20:00,43596
2017-06-04 20:00,43643
2017-06-05 20:00,43683
2017-06-06 20:00,43699
2017-06-07 20:00,43726
2017-06-08 20:00,43747
2017-06-09 20:00,43771
2017-06-10 20:00,43795
2017-06-11 20:00,43839
2017-06-12 20:00,43858
2017-06-13 20:00,43889
2017-06-14 20:00,43950
2017-06-15 20:00,43963
2017-06-16 20:00,43989
2017-06-17 20:00,44010
2017-06-18 20:00,44054
2017-06-19 20:00,44100
2017-06-20 20:00,44151
2017-06-21 20:00,44183
2017-06-22 20:00,44204
2017-06-23 20:00,44226
2017-06-24 20:00,44242
2017-06-25 20:00,44560
2017-06-26 20:00,44576
2017-06-27 20:00,44623
2017-06-28 20:00,44679
2017-06-29 20:00,44693
2017-06-30 20:00,44702
2017-07-01 20:00,44762
2017-07-02 20:00,44778
2017-07-03 20:00,44820
2017-07-04 20:00,45899
2017-07-05 20:00,46215
2017-07-06 20:00,46256
2017-07-07 20:00,46302
2017-07-08 20:00,46361
2017-07-09 20:00,46424
2017-07-10 20:00,46448
2017-07-11 20:00,46475
2017-07-12 20:00,46636
2017-07-13 20:00,46797
2017-07-14 20:00,46958
2017-07-15 20:00,47119
2017-07-16 20:00,47280
2017-07-17 20:00,47446
2017-07-18 20:00,47485
2017-07-19 20:00,47504
2017-07-20 20:00,47534
2017-07-21 20:00,47769
2017-07-22 20:00,47811
2017-07-23 20:00,47852
2017-07-24 20:00,47878
2017-07-25 20:00,47911
2017-07-26 20:00,47941
2017-07-27 20:00,47964
2017-07-28 20:00,48005
2017-07-29 20:00,48056
2017-07-30 20:00,48080
2017-07-31 20:00,48120
2017-08-01 20:00,48151
2017-08-02 20:00,48164
2017-08-03 20:00,48197
2017-08-04 20:00,48206
2017-08-05 20:00,48225
2017-08-06 20:00,48278
2017-08-07 20:00,48323
2017-08-08 20:00,48370
2017-08-09 20:00,48417
2017-08-10 20:00,48460
2017-08-11 20:00,48495
2017-08-12 20:00,48531
2017-08-13 20:00,48586
2017-08-14 20:00,48609
2017-08-15 20:00,48658
2017-08-16 20:00,48687
2017-08-17 20:00,48717
2017-08-18 20:00,48740
2017-08-19 20:00,48778
2017-08-20 20:00,48804
2017-08-21 20:00,48841
2017-08-22 20:00,48875
2017-08-23 20:00,48912
2017-08-24 20:00,48936
2017-08-25 20:00,48995
2017-08-26 20:00,49077
2017-08-27 20:00,49121
2017-08-28 20:00,49149
2017-08-29 20:00,49199
2017-08-30 20:00,49231
2017-08-31 20:00,49255
2017-09-01 20:00,49274
2017-09-02 20:00,49306
2017-09-03 20:00,49348
2017-09-04 20:00,49400
2017-09-05 20:00,49423
2017-09-06 20:00,49455
2017-09-07 20:00,49816
2017-09-08 20:00,49864
2017-09-09 20:00,49893
2017-09-10 20:00,50009
2017-09-11 20:00,50048
2017-09-12 20:00,50076
2017-09-13 20:00,50104
2017-09-14 20:00,50170
2017-09-15 20:00,50181
2017-09-16 20:00,50200
2017-09-17 20:00,50274
2017-09-18 20:00,50332
2017-09-19 20:00,50406
2017-09-20 20:00,50440
2017-09-21 20:00,50466
2017-09-22 20:00,50485
2017-09-23 20:00,50524
2017-09-24 20:00,50580
2017-09-25 20:00,50635
2017-09-26 20:00,50657
2017-09-27 20:00,50700
2017-09-28 20:00,50733
2017-09-29 20:00,50759
2017-09-30 20:00,50826
2017-10-01 20:00,50869
2017-10-02 20:00,50926
2017-10-03 20:00,50972
2017-10-04 20:00,51016
2017-10-05 20:00,51052
2017-10-06 20:00,51089
2017-10-07 20:00,51133
2017-10-08 20:00,51178
2017-10-09 20:00,51210
2017-10-10 20:00,51243
2017-10-11 20:00,51274
2017-10-12 20:00,51305
2017-10-13 20:00,51333
2017-10-14 20:00,51416
2017-10-15 20:00,51514
2017-10-16 20:00,51544
2017-10-17 20:00,51610
2017-10-18 20:00,51647
2017-10-19 20:00,51673
2017-10-20 20:00,51699
2017-10-21 20:00,51725
2017-10-22 20:00,51771
2017-10-23 20:00,51801
2017-10-24 20:00,51839
2017-10-25 20:00,51875
2017-10-26 20:00,51895
2017-10-27 20:00,51917
2017-10-28 20:00,51930
2017-10-29 20:00,51998
2017-10-30 20:00,52048
2017-10-31 20:00,52121
2017-11-01 20:00,52162
2017-11-02 20:00,52191
2017-11-03 20:00,52264
2017-11-04 20:00,52337
2017-11-05 19:00,52411
2017-11-06 19:00,52447
2017-11-07 19:00,52483
2017-11-08 19:00,52519
2017-11-09 19:00,52555
2017-11-10 19:00,52591
2017-11-11 19:00,52630
2017-11-12 19:00,52696
2017-11-13 19:00,52752
2017-11-14 19:00,52809
2017-11-15 19:00,52824
2017-11-16 19:00,52853
2017-11-17 19:00,52877
2017-11-18 19:00,52933
2017-11-19 19:00,52959
2017-11-20 19:00,52989
2017-11-21 19:00,53026
2017-11-22 19:00,53064
2017-11-23 19:00,53089
2017-11-24 19:00,53149
2017-11-25 19:00,53187
2017-11-26 19:00,53231
2017-11-27 19:00,53308
2017-11-28 19:00,53340
2017-11-29 19:00,53416
2017-11-30 19:00,53432
2017-12-01 19:00,53454
2017-12-02 19:00,53475
2017-12-03 19:00,53518
2017-12-04 19:00,53552
2017-12-05 19:00,53607
2017-12-06 19:00,53632
2017-12-07 19:00,53654
2017-12-08 19:00,53694
2017-12-09 19:00,53780
2017-12-10 19:00,53832
2017-12-11 19:00,53856
2017-12-12 19:00,53924
2017-12-13 19:00,53996
2017-12-14 19:00,54034
2017-12-15 19:00,54083
2017-12-16 19:00,54113
2017-12-17 19:00,54126
2017-12-18 19:00,54151
2017-12-19 19:00,54190
2017-12-20 19:00,54247
2017-12-21 19:00,54341
2017-12-22 19:00,54384
2017-12-23 19:00,54412
2017-12-24 19:00,54442
2017-12-25 19:00,54480
2017-12-26 19:00,54529
2017-12-27 19:00,54577
2017-12-28 19:00,54601
2017-12-29 19:00,54628
2017-12-30 19:00,54657
2017-12-31 19:00,54812
2018-01-01 19:00,54986
2018-01-02 19:00,55044
2018-01-03 19:00,55090
2018-01-04 19:00,55154
2018-01-05 19:00,55197
2018-01-06 19:00,55309
2018-01-07 19:00,55377
2018-01-08 19:00,55451
2018-01-09 19:00,55499
2018-01-10 19:00,55562
2018-01-11 19:00,55598
2018-01-12 19:00,55625
2018-01-13 19:00,55681
2018-01-14 19:00,55771
2018-01-15 19:00,55829
2018-01-16 19:00,55909
2018-01-17 19:00,55974
2018-01-18 19:00,56034
2018-01-19 19:00,56060
2018-01-20 19:00,56134
2018-01-21 19:00,56251
2018-01-22 19:00,56345
2018-01-23 19:00,56439
2018-01-24 19:00,56505
2018-01-25 19:00,56583
2018-01-26 19:00,56637
2018-01-27 19:00,56715
2018-01-28 19:00,56817
2018-01-29 19:00,56859
2018-01-30 19:00,56887
2018-01-31 19:00,56944
2018-02-01 19:00,56982
2018-02-02 19:00,57016
2018-02-03 19:00,57073
2018-02-04 19:00,57131
2018-02-05 19:00,57185
2018-02-06 19:00,57204
2018-02-07 19:00,57244
2018-02-08 19:00,57279
2018-02-09 19:00,57291
2018-02-10 19:00,57330
2018-02-11 19:00,57407
2018-02-12 19:00,57469
2018-02-13 19:00,57526
2018-02-14 19:00,57580
2018-02-15 19:00,57608
2018-02-16 19:00,57639
2018-02-17 19:00,57662
2018-02-18 19:00,57734
2018-02-19 19:00,57859
2018-02-20 19:00,57944
2018-02-21 19:00,57963
2018-02-22 19:00,58019
2018-02-23 19:00,58075
2018-02-24 19:00,58131
2018-02-25 19:00,58187
2018-02-26 19:00,58243
2018-02-27 19:00,
2018-02-28 19:00,
2018-03-01 19:00,
2018-03-02 19:00,
2018-03-03 19:00,
2018-03-04 19:00,
2018-03-05 19:00,
2018-03-06 19:00,
2018-03-07 19:00,
2018-03-08 19:00,
2018-03-09 19:00,
2018-03-10 19:00,
2018-03-11 20:00,
2018-03-12 20:00,
2018-03-13 20:00,59178
2018-03-14 20:00,59223
2018-03-15 20:00,59280
2018-03-16 20:00,59305
2018-03-17 20:00,59364
2018-03-18 20:00,59425
2018-03-19 20:00,59473
2018-03-20 20:00,59854
2018-03-21 20:00,59890
2018-03-22 20:00,60005
2018-03-23 20:00,60022
2018-03-24 20:00,60020
2018-03-25 20:00,60168
2018-03-26 20:00,60185
2018-03-27 20:00,60199
2018-03-28 20:00,60257
2018-03-29 20:00,60274
2018-03-30 20:00,60400
2018-03-31 20:00,60445
2018-04-01 20:00,60508
2018-04-02 20:00,60543
2018-04-03 20:00,60589
2018-04-04 20:00,60635
2018-04-05 20:00,60699
2018-04-06 20:00,60734
2018-04-07 20:00,60769
2018-04-08 20:00,60818
2018-04-09 20:00,60969
2018-04-10 20:00,61015
2018-04-11 20:00,61046
2018-04-12 20:00,61103
2018-04-13 20:00,61134
2018-04-14 20:00,61180
2018-04-15 20:00,61302
2018-04-16 20:00,61396
2018-04-17 20:00,61425
2018-04-18 20:00,61465
2018-04-19 20:00,61520
2018-04-20 20:00,61559
2018-04-21 20:00,61659
2018-04-22 20:00,61765
2018-04-23 20:00,61839
2018-04-24 20:00,61895
2018-04-25 20:00,61971
2018-04-26 20:00,62037
2018-04-27 20:00,62099
2018-04-28 20:00,62142
2018-04-29 20:00,62217
2018-04-30 20:00,62282
2018-05-01 20:00,62356
2018-05-02 20:00,62400
2018-05-03 20:00,62445
2018-05-04 20:00,62524
2018-05-05 20:00,62622
2018-05-06 20:00,62712
2018-05-07 20:00,62757
2018-05-08 20:00,62814
2018-05-09 20:00,62861
2018-05-10 20:00,62900
2018-05-11 20:00,62903
2018-05-12 20:00,63004
2018-05-13 20:00,63067
2018-05-14 20:00,63111
2018-05-15 20:00,63180
2018-05-16 20:00,63331
2018-05-17 20:00,63479
2018-05-18 20:00,63574
2018-05-19 20:00,63637
2018-05-20 20:00,63687
2018-05-21 20:00,63748
2018-05-22 20:00,63790
2018-05-23 20:00,63979
2018-05-24 20:00,64028
2018-05-25 20:00,64056
2018-05-26 20:00,64071
2018-05-27 20:00,64114
2018-05-28 20:00,64155
2018-05-29 20:00,64186
2018-05-30 20:00,64239
2018-05-31 20:00,64267
2018-06-01 20:00,64296
2018-06-02 20:00,64317
2018-06-03 20:00,64331
2018-06-04 20:00,64467
2018-06-05 20:00,64494
2018-06-06 20:00,64541
2018-06-07 20:00,64594
2018-06-08 20:00,64641
2018-06-09 20:00,64673
2018-06-10 20:00,64783
2018-06-11 20:00,64805
2018-06-12 20:00,64837
2018-06-13 20:00,64868
2018-06-14 20:00,64919
2018-06-15 20:00,64954
2018-06-16 20:00,65008
2018-06-17 20:00,65078
2018-06-18 20:00,65130
2018-06-19 20:00,65187
2018-06-20 20:00,65224
2018-06-21 20:00,65232
2018-06-22 20:00,65269
2018-06-23 20:00,65291
2018-06-24 20:00,65475
2018-06-25 20:00,65541
2018-06-26 20:00,65568
2018-06-27 20:00,65598
2018-06-28 20:00,65628
2018-06-29 20:00,65633
2018-06-30 20:00,65661
2018-07-01 20:00,65696
2018-07-02 20:00,65725
2018-07-03 20:00,65743
2018-07-04 20:00,65783
2018-07-05 20:00,65812
2018-07-06 20:00,65852
2018-07-07 20:00,65909
2018-07-08 20:00,66006
2018-07-09 20:00,66047
2018-07-10 20:00,66073
2018-07-11 20:00,66118
2018-07-12 20:00,66102
2018-07-13 20:00,66120
2018-07-14 20:00,66142
2018-07-15 20:00,66188
2018-07-16 20:00,66229
2018-07-17 20:00,66270
2018-07-18 20:00,66335
2018-07-19 20:00,66380
2018-07-20 20:00,66413
2018-07-21 20:00,66459
2018-07-22 20:00,66559
2018-07-23 20:00,66611
2018-07-24 20:00,66668
2018-07-25 20:00,66699
2018-07-26 20:00,66735
2018-07-27 20:00,66759
2018-07-28 20:00,66793
2018-07-29 20:00,66867
2018-07-30 20:00,66973
2018-07-31 20:00,67030
2018-08-01 20:00,67087
2018-08-02 20:00,67122
2018-08-03 20:00,67211
2018-08-04 20:00,67256
2018-08-05 20:00,67328
2018-08-06 20:00,67378
2018-08-07 20:00,67692
2018-08-08 20:00,68052
2018-08-09 20:00,68099
2018-08-10 20:00,68113
2018-08-11 20:00,68369
2018-08-12 20:00,68429
2018-08-13 20:00,68482
2018-08-14 20:00,68523
2018-08-15 20:00,68549
2018-08-16 20:00,68569
2018-08-17 20:00,68628
2018-08-18 20:00,68695
2018-08-19 20:00,68773
2018-08-20 20:00,68846
2018-08-21 20:00,68910
2018-08-22 20:00,68986
2018-08-23 20:00,69027
2018-08-24 20:00,69060
2018-08-25 20:00,69098
2018-08-26 20:00,69146
2018-08-27 20:00,69206
2018-08-28 20:00,69311
2018-08-29 20:00,69587
2018-08-30 20:00,69654
2018-08-31 20:00,69695
2018-09-01 20:00,69720
2018-09-02 20:00,69745
2018-09-03 20:00,69806
2018-09-04 20:00,
2018-09-05 20:00,69882
2018-09-06 20:00,69904
2018-09-07 20:00,69927
2018-09-08 20:00,70010
2018-09-09 20:00,
2018-09-10 20:00,
2018-09-11 20:00,
2018-09-12 20:00,
2018-09-13 20:00,
2018-09-14 20:00,
2018-09-15 20:00,
2018-09-16 20:00,
2018-09-17 20:00,
2018-09-18 20:00,
2018-09-19 20:00,
2018-09-20 20:00,
2018-09-21 20:00,
2018-09-22 20:00,
2018-09-23 20:00,70760
2018-09-24 20:00,70855
2018-09-25 20:00,70915
2018-09-26 20:00,70975
2018-09-27 20:00,71036
2018-09-28 20:00,71089
2018-09-29 20:00,71118
2018-09-30 20:00,71220
2018-10-01 20:00,71287
2018-10-02 20:00,71348
2018-10-03 20:00,71402
2018-10-04 20:00,71446
2018-10-05 20:00,71485
2018-10-06 20:00,71551
2018-10-07 20:00,71612
2018-10-08 20:00,71668
2018-10-09 20:00,71707
2018-10-10 20:00,71751
2018-10-11 20:00,71811
2018-10-12 20:00,71846
2018-10-13 20:00,71860
2018-10-14 20:00,71922
2018-10-15 20:00,71970
2018-10-16 20:00,72018
2018-10-17 20:00,72064
2018-10-18 20:00,72087
2018-10-19 20:00,72113
2018-10-20 20:00,72163
2018-10-21 20:00,72247
2018-10-22 20:00,72338
2018-10-23 20:00,72399
2018-10-24 20:00,72466
2018-10-25 20:00,72493
2018-10-26 20:00,72521
2018-10-27 20:00,72571
2018-10-28 20:00,72637
2018-10-29 20:00,72705
2018-10-30 20:00,72767
2018-10-31 20:00,72825
2018-11-01 20:00,72876
2018-11-02 20:00,73117
2018-11-03 20:00,73179
2018-11-04 19:00,73243
2018-11-05 19:00,73304
2018-11-06 19:00,73351
2018-11-07 19:00,73386
2018-11-08 19:00,73420
2018-11-09 19:00,73449
2018-11-10 19:00,73500
2018-11-11 19:00,73560
2018-11-12 19:00,73646
2018-11-13 19:00,73815
2018-11-14 19:00,73875
2018-11-15 19:00,73902
2018-11-16 19:00,73921
2018-11-17 19:00,73971
2018-11-18 19:00,74028
2018-11-19 19:00,74099
2018-11-20 19:00,74159
2018-11-21 19:00,74214
2018-11-22 19:00,74306
2018-11-23 19:00,74357
2018-11-24 19:00,74402
2018-11-25 19:00,74462
2018-11-26 19:00,74529
2018-11-27 19:00,74597
2018-11-28 19:00,74693
2018-11-29 19:00,74743
2018-11-30 19:00,74769
2018-12-01 19:00,74858
2018-12-02 19:00,74910
2018-12-03 19:00,74970
2018-12-04 19:00,75017
2018-12-05 19:00,75064
2018-12-06 19:00,75111
2018-12-07 19:00,75270
2018-12-08 19:00,75368
2018-12-09 19:00,75442
2018-12-10 19:00,75489
2018-12-11 19:00,75562
2018-12-12 19:00,75622
2018-12-13 19:00,75669
2018-12-14 19:00,75711
2018-12-15 19:00,75771
2018-12-16 19:00,75825
2018-12-17 19:00,75947
2018-12-18 19:00,76029
2018-12-19 19:00,76063
2018-12-20 19:00,76101
2018-12-21 19:00,76130
2018-12-22 19:00,76171
2018-12-23 19:00,76216
2018-12-24 19:00,76308
2018-12-25 19:00,76360
2018-12-26 19:00,76405
2018-12-27 19:00,76433
2018-12-28 19:00,76517
2018-12-29 19:00,76559
2018-12-30 19:00,76616
2018-12-31 19:00,79087
2019-01-01 19:00,80785
2019-01-02 19:00,80971
2019-01-03 19:00,81098
2019-01-04 19:00,81350
2019-01-05 19:00,81445
2019-01-06 19:00,81633
2019-01-07 19:00,81778
2019-01-08 19:00,81889
2019-01-09 19:00,82053
2019-01-10 19:00,82133
2019-01-11 19:00,82180
2019-01-12 19:00,82242
2019-01-13 19:00,82297
2019-01-14 19:00,82377
2019-01-15 19:00,82435
2019-01-16 19:00,82525
2019-01-17 19:00,82605
2019-01-18 19:00,82684
2019-01-19 19:00,82734
2019-01-20 19:00,82804
2019-01-21 19:00,83041
2019-01-22 19:00,83136
2019-01-23 19:00,83232
2019-01-24 19:00,83291
2019-01-25 19:00,83330
2019-01-26 19:00,83370
2019-01-27 19:00,83450
2019-01-28 19:00,83525
2019-01-29 19:00,83593
2019-01-30 19:00,83656
2019-01-31 19:00,83718
2019-02-01 19:00,83768
2019-02-02 19:00,83864
2019-02-03 19:00,83950
2019-02-04 19:00,84014
2019-02-05 19:00,84104
2019-02-06 19:00,84240
2019-02-07 19:00,84374
2019-02-08 19:00,84460
2019-02-09 19:00,84519
2019-02-10 19:00,84610
2019-02-11 19:00,84668
2019-02-12 19:00,84799
2019-02-13 19:00,84862
2019-02-14 19:00,84900
2019-02-15 19:00,84942
2019-02-16 19:00,84979
2019-02-17 19:00,85053
2019-02-18 19:00,85147
2019-02-19 19:00,85235
2019-02-20 19:00,85366
2019-02-21 19:00,85473
2019-02-22 19:00,85519
2019-02-23 19:00,85601
2019-02-24 19:00,85784
2019-02-25 19:00,85851
2019-02-26 19:00,85912
2019-02-27 19:00,85970
2019-02-28 19:00,86022
2019-03-01 19:00,86096
2019-03-02 19:00,86167
2019-03-03 19:00,86285
2019-03-04 19:00,86329
2019-03-05 19:00,86363
2019-03-06 19:00,86414
2019-03-07 19:00,86521
2019-03-08 19:00,86701
2019-03-09 19:00,86876
2019-03-10 20:00,86992
2019-03-11 20:00,87064
2019-03-12 20:00,87140
2019-03-13 20:00,87205
2019-03-14 20:00,87262
2019-03-15 20:00,87299
2019-03-16 20:00,87394
2019-03-17 20:00,87503
2019-03-18 20:00,87594
2019-03-19 20:00,87665
2019-03-20 20:00,87928
2019-03-21 20:00,88202
2019-03-22 20:00,88273
2019-03-23 20:00,88337
2019-03-24 20:00,88446
2019-03-25 20:00,88548
2019-03-26 20:00,88608
2019-03-27 20:00,88651
2019-03-28 20:00,88748
2019-03-29 20:00,88818
2019-03-30 20:00,89817
2019-03-31 20:00,89895
2019-04-01 20:00,89995
2019-04-02 20:00,90057
2019-04-03 20:00,90127
2019-04-04 20:00,90220
2019-04-05 20:00,90273
2019-04-06 20:00,90304
2019-04-07 20:00,90393
2019-04-08 20:00,90484
2019-04-09 20:00,90541
2019-04-10 20:00,90618
2019-04-11 20:00,90676
2019-04-12 20:00,90741
2019-04-13 20:00,90806
2019-04-14 20:00,90875
2019-04-15 20:00,90941
2019-04-16 20:00,90978
2019-04-17 20:00,91014
2019-04-18 20:00,91105
2019-04-19 20:00,91137
2019-04-20 20:00,91309
2019-04-21 20:00,91465
2019-04-22 20:00,91578
2019-04-23 20:00,91649
2019-04-24 20:00,91727
2019-04-25 20:00,91760
2019-04-26 20:00,91792
2019-04-27 20:00,91830
2019-04-28 20:00,91967
2019-04-29 20:00,92015
2019-04-30 20:00,92084
2019-05-01 20:00,92171
2019-05-02 20:00,92202
2019-05-03 20:00,92237
2019-05-04 20:00,92333
2019-05-05 20:00,92400
2019-05-06 20:00,92470
2019-05-07 20:00,92531
2019-05-08 20:00,92659
2019-05-09 20:00,92777
2019-05-10 20:00,92806
2019-05-11 20:00,92826
2019-05-12 20:00,92861
2019-05-13 20:00,92881
2019-05-14 20:00,92940
2019-05-15 20:00,93016
2019-05-16 20:00,93038
2019-05-17 20:00,93093
2019-05-18 20:00,93169
2019-05-19 20:00,93231
2019-05-20 20:00,93313
2019-05-21 20:00,93372
2019-05-22 20:00,93443
2019-05-23 20:00,93475
2019-05-24 20:00,93499
2019-05-25 20:00,93526
2019-05-26 20:00,93593
2019-05-27 20:00,93658
2019-05-28 20:00,93802
2019-05-29 20:00,93884
2019-05-30 20:00,93945
2019-05-31 20:00,93977
2019-06-01 20:00,94043
2019-06-02 20:00,94137
2019-06-03 20:00,94211
2019-06-04 20:00,94271
2019-06-05 20:00,94323
2019-06-06 20:00,94385
2019-06-07 20:00,94416
2019-06-08 20:00,94453
2019-06-09 20:00,94982
2019-06-10 20:00,95152
2019-06-11 20:00,95230
2019-06-12 20:00,95270
2019-06-13 20:00,95302
2019-06-14 20:00,95345
2019-06-15 20:00,95359
2019-06-16 20:00,95421
2019-06-17 20:00,95486
2019-06-18 20:00,95551
2019-06-19 20:00,95590
2019-06-20 20:00,95659
2019-06-21 20:00,95701
2019-06-22 20:00,95776
2019-06-23 20:00,95848
2019-06-24 20:00,95959
2019-06-25 20:00,96484
2019-06-26 20:00,96554
2019-06-27 20:00,96580
2019-06-28 20:00,96614
2019-06-29 20:00,96650
2019-06-30 20:00,96715
2019-07-01 20:00,96790
2019-07-02 20:00,96824
2019-07-03 20:00,96859
2019-07-04 20:00,96926
2019-07-05 20:00,96944
2019-07-06 20:00,96972
2019-07-07 20:00,97046
2019-07-08 20:00,97141
2019-07-09 20:00,97518
2019-07-10 20:00,97562
2019-07-11 20:00,97606
2019-07-12 20:00,97630
2019-07-13 20:00,97685
2019-07-14 20:00,97725
2019-07-15 20:00,97769
2019-07-16 20:00,97962
2019-07-17 20:00,98125
2019-07-18 20:00,98190
2019-07-19 20:00,98257
2019-07-20 20:00,98361
2019-07-21 20:00,98430
2019-07-22 20:00,98489
2019-07-23 20:00,98512
2019-07-24 20:00,98582
2019-07-25 20:00,98589
2019-07-26 20:00,98719
2019-07-27 20:00,98775
2019-07-28 20:00,98854
2019-07-29 20:00,98963
2019-07-30 20:00,99034
2019-07-31 20:00,99083
2019-08-01 20:00,99181
2019-08-02 20:00,99237
2019-08-03 20:00,99319
2019-08-04 20:00,99414
2019-08-05 20:00,99507
2019-08-06 20:00,99564
2019-08-07 20:00,99613
2019-08-08 20:00,99669
2019-08-09 20:00,99704
2019-08-10 20:00,99758
2019-08-11 20:00,100201
2019-08-12 20:00,100279
2019-08-13 20:00,101086
2019-08-14 20:00,101153
2019-08-15 20:00,101211
2019-08-16 20:00,101230
2019-08-17 20:00,101249
2019-08-18 20:00,101329
2019-08-19 20:00,101396
2019-08-20 20:00,101469
2019-08-21 20:00,101519
2019-08-22 20:00,101564
2019-08-23 20:00,101600
2019-08-24 20:00,101665
2019-08-25 20:00,101759
2019-08-26 20:00,101817
2019-08-27 20:00,101895
2019-08-28 20:00,101961
2019-08-29 20:00,102019
2019-08-30 20:00,102058
2019-08-31 20:00,102108
2019-09-01 20:00,102175
2019-09-02 20:00,102263
2019-09-03 20:00,102325
2019-09-04 20:00,102377
2019-09-05 20:00,102994
2019-09-06 20:00,103070
2019-09-07 20:00,103208
2019-09-08 20:00,103309
2019-09-09 20:00,103404
2019-09-10 20:00,103492
2019-09-11 20:00,103617
2019-09-12 20:00,103665
2019-09-13 20:00,103709
2019-09-14 20:00,103840
2019-09-15 20:00,103973
2019-09-16 20:00,104054
2019-09-17 20:00,104177
2019-09-18 20:00,104308
2019-09-19 20:00,104368
2019-09-20 20:00,104412
2019-09-21 20:00,104481
2019-09-22 20:00,104545
2019-09-23 20:00,104623
2019-09-24 20:00,104718
2019-09-25 20:00,104785
2019-09-26 20:00,104849
2019-09-27 20:00,104898
2019-09-28 20:00,104959
2019-09-29 20:00,105052
2019-09-30 20:00,105149
2019-10-01 20:00,105228
2019-10-02 20:00,105516
2019-10-03 20:00,106272
2019-10-04 20:00,106447
2019-10-05 20:00,106507
2019-10-06 20:00,106622
2019-10-07 20:00,106706
2019-10-08 20:00,106810
2019-10-09 20:00,106873
2019-10-10 20:00,107024
2019-10-11 20:00,107101
2019-10-12 20:00,107154
2019-10-13 20:00,107284
2019-10-14 20:00,107344
2019-10-15 20:00,107403
2019-10-16 20:00,107460
2019-10-17 20:00,107536
2019-10-18 20:00,107557
2019-10-19 20:00,107584
2019-10-20 20:00,107668
2019-10-21 20:00,107743
2019-10-22 20:00,107822
2019-10-23 20:00,107887
2019-10-24 20:00,107953
2019-10-25 20:00,108015
2019-10-26 20:00,108057
2019-10-27 20:00,108253
2019-10-28 20:00,108381
2019-10-29 20:00,108463
2019-10-30 20:00,108501
2019-10-31 20:00,108571
2019-11-01 20:00,108615
2019-11-02 20:00,108705
2019-11-03 19:00,108832
2019-11-04 19:00,108952
2019-11-05 19:00,109006
2019-11-06 19:00,109071
2019-11-07 19:00,109136
2019-11-08 19:00,109180
2019-11-09 19:00,109220
2019-11-10 19:00,109379
2019-11-11 19:00,109468
2019-11-12 19:00,109535
2019-11-13 19:00,109595
2019-11-14 19:00,109665
2019-11-15 19:00,109702
2019-11-16 19:00,109782
2019-11-17 19:00,109846
2019-11-18 19:00,109897
2019-11-19 19:00,109939
2019-11-20 19:00,110003
2019-11-21 19:00,110045
2019-11-22 19:00,110061
2019-11-23 19:00,110163
2019-11-24 19:00,110237
2019-11-25 19:00,110430
2019-11-26 19:00,110480
2019-11-27 19:00,110514
2019-11-28 19:00,110558
2019-11-29 19:00,110719
2019-11-30 19:00,110830
2019-12-01 19:00,110944
2019-12-02 19:00,111058
2019-12-03 19:00,111116
2019-12-04 19:00,111159
2019-12-05 19:00,111229
2019-12-06 19:00,111291
2019-12-07 19:00,111319
2019-12-08 19:00,111393
2019-12-09 19:00,111449
2019-12-10 19:00,111513
2019-12-11 19:00,111579
2019-12-12 19:00,111644
2019-12-13 19:00,111701
2019-12-14 19:00,111767
2019-12-15 19:00,111844
2019-12-16 19:00,111965
2019-12-17 19:00,112054
2019-12-18 19:00,112111
2019-12-19 19:00,112163
2019-12-20 19:00,112188
2019-12-21 19:00,112259
2019-12-22 19:00,112292
2019-12-23 19:00,112344
2019-12-24 19:00,112386
2019-12-25 19:00,112449
2019-12-26 19:00,112530
2019-12-27 19:00,112574
2019-12-28 19:00,112694
2019-12-29 19:00,113458
2019-12-30 19:00,113658
2019-12-31 19:00,113794
2020-01-01 19:00,114056
2020-01-02 19:00,114204
2020-01-03 19:00,114354
2020-01-04 19:00,114519
2020-01-05 19:00,114668
2020-01-06 19:00,114773
2020-01-07 19:00,114891
2020-01-08 19:00,114977
2020-01-09 19:00,115328
2020-01-10 19:00,115418
2020-01-11 19:00,115603
2020-01-12 19:00,115739
2020-01-13 19:00,115883
2020-01-14 19:00,116106
2020-01-15 19:00,116242
2020-01-16 19:00,116331
2020-01-17 19:00,116426
2020-01-18 19:00,116509
2020-01-19 19:00,116656
2020-01-20 19:00,116788
2020-01-21 19:00,116909
2020-01-22 19:00,117002
2020-01-23 19:00,117102
2020-01-24 19:00,117176
2020-01-25 19:00,117262
2020-01-26 19:00,117374
2020-01-27 19:00,117459
2020-01-28 19:00,117577
2020-01-29 19:00,117692
2020-01-30 19:00,117771
2020-01-31 19:00,117845
2020-02-01 19:00,117871
2020-02-02 19:00,118003
2020-02-03 19:00,118192
2020-02-04 19:00,118238
2020-02-05 19:00,118320
2020-02-06 19:00,118482
2020-02-07 19:00,118626
2020-02-08 19:00,118692
2020-02-09 19:00,118787
2020-02-10 19:00,118868
2020-02-11 19:00,118991
2020-02-12 19:00,119051
2020-02-13 19:00,119139
2020-02-14 19:00,119209
2020-02-15 19:00,119292
2020-02-16 19:00,119438
2020-02-17 19:00,119602
2020-02-18 19:00,119688
2020-02-19 19:00,119808
2020-02-20 19:00,119870
2020-02-21 19:00,119952
2020-02-22 19:00,120024
2020-02-23 19:00,120157
2020-02-24 19:00,120231
2020-02-25 19:00,120317
2020-02-26 19:00,120437
2020-02-27 19:00,120485
2020-02-28 19:00,120598
2020-02-29 19:00,120671
2020-03-01 19:00,120894
2020-03-02 19:00,121008
2020-03-03 19:00,121085
2020-03-04 19:00,121180
2020-03-05 19:00,121239
2020-03-06 19:00,121286
2020-03-07 19:00,121334
2020-03-08 20:00,121462
2020-03-09 20:00,121520
2020-03-10 20:00,121587
2020-03-11 20:00,121652
2020-03-12 20:00,121689
2020-03-13 20:00,121711
2020-03-14 20:00,121762
2020-03-15 20:00,121823
2020-03-16 20:00,121846
2020-03-17 20:00,121861
2020-03-18 20:00,122040
2020-03-19 20:00,122066
2020-03-20 20:00,122107
2020-03-21 20:00,122138
2020-03-22 20:00,122175
2020-03-23 20:00,122229
2020-03-24 20:00,122270
2020-03-25 20:00,122335
2020-03-26 20:00,122389
2020-03-27 20:00,122426
2020-03-28 20:00,122479
2020-03-29 20:00,122544
2020-03-30 20:00,122655
2020-03-31 20:00,122759
2020-04-01 20:00,122826
2020-04-02 20:00,122875
2020-04-03 20:00,122945
2020-04-04 20:00,123187
2020-04-05 20:00,123942
2020-04-06 20:00,124049
2020-04-07 20:00,124136
2020-04-08 20:00,124204
2020-04-09 20:00,124254
2020-04-10 20:00,124289
2020-04-11 20:00,124361
2020-04-12 20:00,124451
2020-04-13 20:00,124559
2020-04-14 20:00,124659
2020-04-15 20:00,125019
2020-04-16 20:00,125301
2020-04-17 20:00,125362
2020-04-18 20:00,125429
2020-04-19 20:00,125519
2020-04-20 20:00,128146
2020-04-21 20:00,130938
2020-04-22 20:00,131143
2020-04-23 20:00,131204
2020-04-24 20:00,131293
2020-04-25 20:00,131418
2020-04-26 20:00,131603
2020-04-27 20:00,131717
2020-04-28 20:00,131755
2020-04-29 20:00,131885
2020-04-30 20:00,131970
2020-05-01 20:00,132065
2020-05-02 20:00,132197
2020-05-03 20:00,132344
2020-05-04 20:00,132478
2020-05-05 20:00,132658
2020-05-06 20:00,132723
2020-05-07 20:00,132862
2020-05-08 20:00,132939
2020-05-09 20:00,133028
2020-05-10 20:00,133204
2020-05-11 20:00,133324
2020-05-12 20:00,133417
2020-05-13 20:00,133535
2020-05-14 20:00,133646
2020-05-15 20:00,133773
2020-05-16 20:00,133933
2020-05-17 20:00,134057
2020-05-18 20:00,134150
2020-05-19 20:00,134310
2020-05-20 20:00,134405
2020-05-21 20:00,134469
2020-05-22 20:00,134607
2020-05-23 20:00,134849
2020-05-24 20:00,134996
2020-05-25 20:00,135152
2020-05-26 20:00,135352
2020-05-27 20:00,135760
2020-05-28 20:00,135838
2020-05-29 20:00,135894
2020-05-30 20:00,135998
2020-05-31 20:00,136468
2020-06-01 20:00,136894
2020-06-02 20:00,136998
2020-06-03 20:00,137090
2020-06-04 20:00,137156
2020-06-05 20:00,137236
2020-06-06 20:00,137304
2020-06-07 20:00,137448
2020-06-08 20:00,137549
2020-06-09 20:00,137665
2020-06-10 20:00,137750
2020-06-11 20:00,137826
2020-06-12 20:00,137853
2020-06-13 20:00,137920
2020-06-14 20:00,138134
2020-06-15 20:00,138213
2020-06-16 20:00,138311
2020-06-17 20:00,138474
2020-06-18 20:00,138538
2020-06-19 20:00,138650
2020-06-20 20:00,138760
2020-06-21 20:00,138865
2020-06-22 20:00,138985
2020-06-23 20:00,139072
2020-06-24 20:00,139253
2020-06-25 20:00,139384
2020-06-26 20:00,139498
2020-06-27 20:00,139571
2020-06-28 20:00,139668
2020-06-29 20:00,139799
2020-06-30 20:00,139891
2020-07-01 20:00,140125
2020-07-02 20:00,140195
2020-07-03 20:00,140247
2020-07-04 20:00,140314
2020-07-05 20:00,140442
2020-07-06 20:00,140548
2020-07-07 20:00,140661
2020-07-08 20:00,140803
2020-07-09 20:00,140867
2020-07-10 20:00,140912
2020-07-11 20:00,140985
2020-07-12 20:00,141114
2020-07-13 20:00,141230
2020-07-14 20:00,141331
2020-07-15 20:00,142037
2020-07-16 20:00,142281
2020-07-17 20:00,142339
2020-07-18 20:00,142487
2020-07-19 20:00,142629
2020-07-20 20:00,142748
2020-07-21 20:00,142954
2020-07-22 20:00,143032
2020-07-23 20:00,143110
2020-07-24 20:00,143140
2020-07-25 20:00,143230
2020-07-26 20:00,143344
2020-07-27 20:00,143449
2020-07-28 20:00,143526
2020-07-29 20:00,143603
2020-07-30 20:00,143689
2020-07-31 20:00,143752
2020-08-01 20:00,143842
2020-08-02 20:00,143936
2020-08-03 20:00,144052
2020-08-04 20:00,144131
2020-08-05 20:00,144245
2020-08-06 20:00,144355
2020-08-07 20:00,144446
2020-08-08 20:00,144524
2020-08-09 20:00,144607
2020-08-10 20:00,144710
2020-08-11 20:00,144802
2020-08-12 20:00,144878
2020-08-13 20:00,144976
2020-08-14 20:00,145009
2020-08-15 20:00,145132
2020-08-16 20:00,145284
2020-08-17 20:00,145422
2020-08-18 20:00,145541
2020-08-19 20:00,145726
2020-08-20 20:00,145823
2020-08-21 20:00,145959
2020-08-22 20:00,146053
2020-08-23 20:00,146159
2020-08-24 20:00,146305
2020-08-25 20:00,146432
2020-08-26 20:00,146527
2020-08-27 20:00,146639
2020-08-28 20:00,146724
2020-08-29 20:00,146841
2020-08-30 20:00,146924
2020-08-31 20:00,147078
2020-09-01 20:00,147196
2020-09-02 20:00,147299
2020-09-03 20:00,147405
2020-09-04 20:00,147447
2020-09-05 20:00,147523
2020-09-06 20:00,147661
2020-09-07 20:00,147780
2020-09-08 20:00,147938
2020-09-09 20:00,148034
2020-09-10 20:00,
2020-09-11 20:00,
2020-09-12 20:00,148269
2020-09-13 20:00,
2020-09-14 20:00,
2020-09-15 20:00,
2020-09-16 20:00,148735
2020-09-17 20:00,
2020-09-18 20:00,
2020-09-19 20:00,149106
2020-09-20 20:00,
2020-09-21 20:00,
2020-09-22 20:00,149513
2020-09-23 20:00,
2020-09-24 20:00,
2020-09-25 20:00,
2020-09-26 20:00,149853
2020-09-27 20:00,
2020-09-28 20:00,150117
2020-09-29 20:00,150227
2020-09-30 20:00,150333
2020-10-01 20:00,150398
2020-10-02 20:00,150457
2020-10-03 20:00,150517
2020-10-04 20:00,150610
2020-10-05 20:00,150729
2020-10-06 20:00,150841
2020-10-07 20:00,150930
2020-10-08 20:00,151017
2020-10-09 20:00,151070
2020-10-10 20:00,151129
2020-10-11 20:00,151227
2020-10-12 20:00,151352
2020-10-13 20:00,151434
2020-10-14 20:00,151519
2020-10-15 20:00,151619
2020-10-16 20:00,151661
2020-10-17 20:00,151795
2020-10-18 20:00,151960
2020-10-19 20:00,152110
2020-10-20 20:00,152189
2020-10-21 20:00,152294
2020-10-22 20:00,152357
2020-10-23 20:00,152432
2020-10-24 20:00,152509
2020-10-25 20:00,152557
2020-10-26 20:00,
2020-10-27 20:00,
2020-10-28 20:00,
2020-10-29 20:00,
2020-10-30 20:00,
2020-10-31 20:00,
2020-11-01 19:00,
2020-11-02 19:00,
2020-11-03 19:00,153651
2020-11-04 19:00,153822
2020-11-05 19:00,153983
2020-11-06 19:00,154019
2020-11-07 19:00,154150
2020-11-08 19:00,154336
2020-11-09 19:00,154563
2020-11-10 19:00,154660
2020-11-11 19:00,154763
2020-11-12 19:00,154856
2020-11-13 19:00,154925
2020-11-14 19:00,154996
2020-11-15 19:00,155050
2020-11-16 19:00,155111
2020-11-17 19:00,155224
2020-11-18 19:00,155332
2020-11-19 19:00,155427
2020-11-20 19:00,155535
2020-11-21 19:00,155648
2020-11-22 19:00,155850
2020-11-23 19:00,155941
2020-11-24 19:00,156069
2020-11-25 19:00,156204
2020-11-26 19:00,156428
2020-11-27 19:00,156503
2020-11-28 19:00,156600
2020-11-29 19:00,156692
2020-11-30 19:00,156823
2020-12-01 19:00,156838
2020-12-02 19:00,157078
2020-12-03 19:00,157087
2020-12-04 19:00,
2020-12-05 19:00,
2020-12-06 19:00,157436
2020-12-07 19:00,
2020-12-08 19:00,157860
2020-12-09 19:00,157865
2020-12-10 19:00,
2020-12-11 19:00,158605
2020-12-12 19:00,
2020-12-13 19:00,
2020-12-14 19:00,
2020-12-15 19:00,159073
2020-12-16 19:00,
2020-12-17 19:00,
2020-12-18 19:00,
2020-12-19 19:00,
2020-12-20 19:00,159678
2020-12-21 19:00,159771
2020-12-22 19:00,159837
2020-12-23 19:00,159905
2020-12-24 19:00,159951
2020-12-25 19:00,160052
2020-12-26 19:00,160224
2020-12-27 19:00,160332
2020-12-28 19:00,160394
2020-12-29 19:00,160522
2020-12-30 19:00,160591
2020-12-31 19:00,161009